{"cameraMode":{"drawMode":0,"name":"Shaded","section":"Shading Mode"},"sceneLighting":false,"audioPlay":false,"sceneViewState":{"showFog":true,"showMaterialUpdate":false,"showSkybox":false,"showFlares":true,"showImageEffects":true,"showParticleSystems":true},"in2DMode":false,"pivot":{"x":0.10000000894069672,"y":7.5,"z":-8.140000343322754},"rotation":{"x":0.5455756187438965,"y":0.03371788188815117,"z":-0.022574445232748987,"w":0.8373069763183594},"size":1.2460943460464478,"orthographic":false}